Workbook

Sheet ①シンプル型
A1: ① シンプル現場管理型（5人の職人スケジュール）
A2: 日付は「物件・工程入力」から自動反映する想定です。黄色＝空き、青＝予定。
A4: 職人 | B4: 現在の物件 | C4: 開始日 | D4: 終了予定 | E4: 次の物件 | F4: 次回開始 | G4: 空き日数 | H4: 46258 | I4: 46259 | J4: 46260 | K4: 46261 | L4: 46262 | M4: 46263 | N4: 46264 | O4: 46265 | P4: 46266 | Q4: 46267 | R4: 46268 | S4: 46269 | T4: 46270 | U4: 46271 | V4: 46272 | W4: 46273 | X4: 46274 | Y4: 46275 | Z4: 46276 | AA4: 46277 | AB4: 46278 | AC4: 46279 | AD4: 46280 | AE4: 46281 | AF4: 46282 | AG4: 46283 | AH4: 46284 | AI4: 46285 | AJ4: 46286 | AK4: 46287 | AL4: 46288 | AM4: 46289 | AN4: 46290 | AO4: 46291 | AP4: 46292 | AQ4: 46293 | AR4: 46294 | AS4: 46295 | AT4: 46296 | AU4: 46297 | AV4: 46298 | AW4: 46299 | AX4: 46300 | AY4: 46301 | AZ4: 46302 | BA4: 46303 | BB4: 46304 | BC4: 46305 | BD4: 46306 | BE4: 46307 | BF4: 46308 | BG4: 46309 | BH4: 46310 | BI4: 46311 | BJ4: 46312 | BK4: 46313 | BL4: 46314 | BM4: 46315 | BN4: 46316 | BO4: 46317 | BP4: 46318 | BQ4: 46319 | BR4: 46320 | BS4: 46321 | BT4: 46322 | BU4: 46323 | BV4: 46324 | BW4: 46325 | BX4: 46326 | BY4: 46327 | BZ4: 46328 | CA4: 46329 | CB4: 46330 | CC4: 46331 | CD4: 46332 | CE4: 46333 | CF4: 46334 | CG4: 46335 | CH4: 46336 | CI4: 46337 | CJ4: 46338 | CK4: 46339 | CL4: 46340 | CM4: 46341 | CN4: 46342 | CO4: 46343 | CP4: 46344 | CQ4: 46345 | CR4: 46346 | CS4: 46347 | CT4: 46348 | CU4: 46349 | CV4: 46350 | CW4: 46351 | CX4: 46352 | CY4: 46353 | CZ4: 46354 | DA4: 46355 | DB4: 46356 | DC4: 46357 | DD4: 46358 | DE4: 46359 | DF4: 46360 | DG4: 46361 | DH4: 46362 | DI4: 46363 | DJ4: 46364 | DK4: 46365 | DL4: 46366 | DM4: 46367 | DN4: 46368 | DO4: 46369 | DP4: 46370 | DQ4: 46371 | DR4: 46372 | DS4: 46373 | DT4: 46374 | DU4: 46375 | DV4: 46376 | DW4: 46377 | DX4: 46378 | DY4: 46379 | DZ4: 46380 | EA4: 46381 | EB4: 46382 | EC4: 46383 | ED4: 46384 | EE4: 46385 | EF4: 46386 | EG4: 46387 | EH4: 46388 | EI4: 46389 | EJ4: 46390 | EK4: 46391 | EL4: 46392 | EM4: 46393 | EN4: 46394 | EO4: 46395 | EP4: 46396 | EQ4: 46397 | ER4: 46398 | ES4: 46399 | ET4: 46400 | EU4: 46401 | EV4: 46402 | EW4: 46403 | EX4: 46404 | EY4: 46405 | EZ4: 46406 | FA4: 46407 | FB4: 46408 | FC4: 46409 | FD4: 46410 | FE4: 46411 | FF4: 46412 | FG4: 46413 | FH4: 46414 | FI4: 46415 | FJ4: 46416 | FK4: 46417 | FL4: 46418 | FM4: 46419 | FN4: 46420 | FO4: 46421 | FP4: 46422 | FQ4: 46423 | FR4: 46424 | FS4: 46425 | FT4: 46426 | FU4: 46427 | FV4: 46428 | FW4: 46429 | FX4: 46430 | FY4: 46431 | FZ4: 46432 | GA4: 46433 | GB4: 46434 | GC4: 46435 | GD4: 46436 | GE4: 46437 | GF4: 46438 | GG4: 46439 | GH4: 46440 | GI4: 46441 | GJ4: 46442 | GK4: 46443 | GL4: 46444 | GM4: 46445 | GN4: 46446 | GO4: 46447 | GP4: 46448 | GQ4: 46449 | GR4: 46450 | GS4: 46451 | GT4: 46452 | GU4: 46453 | GV4: 46454 | GW4: 46455 | GX4: 46456 | GY4: 46457 | GZ4: 46458 | HA4: 46459 | HB4: 46460 | HC4: 46461 | HD4: 46462 | HE4: 46463 | HF4: 46464 | HG4: 46465 | HH4: 46466 | HI4: 46467 | HJ4: 46468 | HK4: 46469 | HL4: 46470 | HM4: 46471 | HN4: 46472 | HO4: 46473 | HP4: 46474 | HQ4: 46475 | HR4: 46476 | HS4: 46477 | HT4: 46478 | HU4: 46479 | HV4: 46480 | HW4: 46481 | HX4: 46482 | HY4: 46483 | HZ4: 46484 | IA4: 46485 | IB4: 46486 | IC4: 46487 | ID4: 46488 | IE4: 46489 | IF4: 46490 | IG4: 46491 | IH4: 46492 | II4: 46493 | IJ4: 46494 | IK4: 46495 | IL4: 46496 | IM4: 46497 | IN4: 46498 | IO4: 46499 | IP4: 46500 | IQ4: 46501 | IR4: 46502 | IS4: 46503 | IT4: 46504 | IU4: 46505 | IV4: 46506 | IW4: 46507 | IX4: 46508 | IY4: 46509 | IZ4: 46510 | JA4: 46511 | JB4: 46512 | JC4: 46513 | JD4: 46514 | JE4: 46515 | JF4: 46516 | JG4: 46517 | JH4: 46518 | JI4: 46519 | JJ4: 46520 | JK4: 46521 | JL4: 46522 | JM4: 46523 | JN4: 46524 | JO4: 46525 | JP4: 46526 | JQ4: 46527 | JR4: 46528 | JS4: 46529 | JT4: 46530 | JU4: 46531 | JV4: 46532 | JW4: 46533 | JX4: 46534 | JY4: 46535 | JZ4: 46536 | KA4: 46537 | KB4: 46538 | KC4: 46539 | KD4: 46540 | KE4: 46541 | KF4: 46542
A5: 多田 | B5: 一条（菅野様邸） | C5: 46226 | D5: 46262 | F5: 46279
A6: 松田 | B6: 一条（菅野様邸） | D6: 46262 | F6: 46286
A7: 重田 | D7: 46223 | E7: 三栄港運（潮見） | F7: 46259
A8: 原田 | B8: 垣内邸 | C8: 46219 | D8: 46281 | F8: 46282
A9: 田中 | D9: 46230 | E9: 三栄港運（潮見） | F9: 46259

Sheet ② 空き自動表示型
A1: ② 職人の空き・次案件 自動把握型
A2: 入力シートの開始日・終了日から、現在案件／次案件／空き期間を把握するためのモデルです。
A4: 物件名 | B4: 職人 | C4: 工程 | D4: 開始日 | E4: 終了予定日 | F4: 進捗 | G4: 優先度 | H4: 備考 | J4: 使い方
A5: A様邸 | B5: 大工A | C5: 木工事 | D5: 46258 | E5: 46277 | F5: 施工中 | G5: 高 | H5: 上棟済 | J5: 1. 物件名を入力
A6: B様邸 | B6: 大工A | C6: 木工事 | D6: 46279 | E6: 46295 | F6: 予定 | G6: 高 | J6: 2. 職人を選択
A7: C様邸 | B7: 大工B | C7: 木工事 | D7: 46258 | E7: 46285 | F7: 施工中 | G7: 高 | J7: 3. 開始日・終了日を入力
A8: D様邸 | B8: 大工B | C8: 木工事 | D8: 46286 | E8: 46305 | F8: 予定 | G8: 中 | J8: 4. 進捗を選択
A9: E様邸 | B9: 大工C | C9: 木工事 | D9: 46258 | E9: 46270 | F9: 施工中 | G9: 中 | J9: 5. ダッシュボードで確認
A10: F様邸 | B10: 大工C | C10: 木工事 | D10: 46273 | E10: 46290 | F10: 予定 | G10: 高
A11: G様邸 | B11: 大工D | C11: 木工事 | D11: 46261 | E11: 46281 | F11: 施工中 | G11: 中
A12: H様邸 | B12: 大工D | C12: 木工事 | D12: 46282 | E12: 46300 | F12: 予定 | G12: 中
A13: I様邸 | B13: 大工E | C13: 木工事 | D13: 46258 | E13: 46275 | F13: 施工中 | G13: 高
A14: J様邸 | B14: 大工E | C14: 木工事 | D14: 46279 | E14: 46297 | F14: 予定 | G14: 中

Sheet ②ダッシュボード
A1: ② 職人稼働ダッシュボード
A3: 職人 | B3: 現在の案件 | C3: 終了予定 | D3: 次案件 | E3: 次回開始 | F3: 空き日数
A4: 大工A | B4: ='② 空き自動表示型'!A5 -> A様邸 | C4: ='② 空き自動表示型'!E5 -> 46277 | D4: ='② 空き自動表示型'!A6 -> B様邸 | E4: ='② 空き自動表示型'!D6 -> 46279 | F4: =E4-C4-1 -> 1
A5: 大工B | B5: ='② 空き自動表示型'!A7 -> C様邸 | C5: ='② 空き自動表示型'!E7 -> 46285 | D5: ='② 空き自動表示型'!A8 -> D様邸 | E5: ='② 空き自動表示型'!D8 -> 46286 | F5: =E5-C5-1 -> 0
A6: 大工C | B6: ='② 空き自動表示型'!A9 -> E様邸 | C6: ='② 空き自動表示型'!E9 -> 46270 | D6: ='② 空き自動表示型'!A10 -> F様邸 | E6: ='② 空き自動表示型'!D10 -> 46273 | F6: =E6-C6-1 -> 2
A7: 大工D | B7: ='② 空き自動表示型'!A11 -> G様邸 | C7: ='② 空き自動表示型'!E11 -> 46281 | D7: ='② 空き自動表示型'!A12 -> H様邸 | E7: ='② 空き自動表示型'!D12 -> 46282 | F7: =E7-C7-1 -> 0
A8: 大工E | B8: ='② 空き自動表示型'!A13 -> I様邸 | C8: ='② 空き自動表示型'!E13 -> 46275 | D8: ='② 空き自動表示型'!A14 -> J様邸 | E8: ='② 空き自動表示型'!D14 -> 46279 | F8: =E8-C8-1 -> 3
A11: ⚠️ 空き日数が7日以上なら「次案件の確保」を検討

Sheet ③ 経営・受注先行型
A1: ③ 経営用・3か月先の職人キャパシティ把握
A2: 現在案件＋確定案件＋受注見込みを並べ、「いつ職人が空くか」「次の受注が必要か」を判断するモデル。
A4: 案件区分 | B4: 物件名 | C4: 職人 | D4: 開始日 | E4: 終了予定日 | F4: 確度 | G4: 受注予定額 | H4: 備考
A5: 施工中 | B5: A様邸 | C5: 大工A | D5: 46258 | E5: 46277 | F5: 確定 | G5: 1200000
A6: 確定 | B6: B様邸 | C6: 大工A | D6: 46279 | E6: 46295 | F6: 確定 | G6: 1400000
A7: 見込み | B7: K様邸 | C7: 大工A | D7: 46300 | E7: 46318 | F7: 80% | G7: 1600000 | H7: 見積提出中
A8: 施工中 | B8: C様邸 | C8: 大工B | D8: 46258 | E8: 46285 | F8: 確定 | G8: 1800000
A9: 確定 | B9: D様邸 | C9: 大工B | D9: 46286 | E9: 46305 | F9: 確定 | G9: 1500000
A10: 見込み | B10: L様邸 | C10: 大工B | D10: 46307 | E10: 46325 | F10: 60% | G10: 1700000 | H10: 商談中
A11: 施工中 | B11: E様邸 | C11: 大工C | D11: 46258 | E11: 46270 | F11: 確定 | G11: 900000
A12: 確定 | B12: F様邸 | C12: 大工C | D12: 46273 | E12: 46290 | F12: 確定 | G12: 1300000
A13: 見込み | B13: M様邸 | C13: 大工C | D13: 46296 | E13: 46311 | F13: 70% | G13: 1100000
A14: 施工中 | B14: G様邸 | C14: 大工D | D14: 46261 | E14: 46281 | F14: 確定 | G14: 1500000
A15: 確定 | B15: H様邸 | C15: 大工D | D15: 46282 | E15: 46300 | F15: 確定 | G15: 1600000
A16: 見込み | B16: N様邸 | C16: 大工D | D16: 46301 | E16: 46319 | F16: 50% | G16: 1500000
A17: 施工中 | B17: I様邸 | C17: 大工E | D17: 46258 | E17: 46275 | F17: 確定 | G17: 1000000
A18: 確定 | B18: J様邸 | C18: 大工E | D18: 46279 | E18: 46297 | F18: 確定 | G18: 1400000
A19: 見込み | B19: O様邸 | C19: 大工E | D19: 46300 | E19: 46318 | F19: 70% | G19: 1500000

Sheet ③ 経営ダッシュボード
A1: ③ 経営ダッシュボード
A3: 職人 | B3: 次の空き | C3: 次案件 | D3: 次案件開始 | E3: 10月稼働 | F3: 要注意
A4: 大工A | B4: ='③ 経営・受注先行型'!E5+1 -> 46278 | C4: ='③ 経営・受注先行型'!B7 -> K様邸 | D4: ='③ 経営・受注先行型'!D7 -> 46300 | E4: =MAX(0,MIN(D4,DATE(2026,10,31))-MAX(B4,DATE(2026,10,1))+1) -> 5 | F4: =IF(D4>DATE(2026,10,10),"OK","次案件確認") -> 次案件確認
A5: 大工B | B5: ='③ 経営・受注先行型'!E8+1 -> 46286 | C5: ='③ 経営・受注先行型'!B10 -> L様邸 | D5: ='③ 経営・受注先行型'!D10 -> 46307 | E5: =MAX(0,MIN(D5,DATE(2026,10,31))-MAX(B5,DATE(2026,10,1))+1) -> 12 | F5: =IF(D5>DATE(2026,10,10),"OK","次案件確認") -> OK
A6: 大工C | B6: ='③ 経営・受注先行型'!E11+1 -> 46271 | C6: ='③ 経営・受注先行型'!B13 -> M様邸 | D6: ='③ 経営・受注先行型'!D13 -> 46296 | E6: =MAX(0,MIN(D6,DATE(2026,10,31))-MAX(B6,DATE(2026,10,1))+1) -> 1 | F6: =IF(D6>DATE(2026,10,10),"OK","次案件確認") -> 次案件確認
A7: 大工D | B7: ='③ 経営・受注先行型'!E14+1 -> 46282 | C7: ='③ 経営・受注先行型'!B16 -> N様邸 | D7: ='③ 経営・受注先行型'!D16 -> 46301 | E7: =MAX(0,MIN(D7,DATE(2026,10,31))-MAX(B7,DATE(2026,10,1))+1) -> 6 | F7: =IF(D7>DATE(2026,10,10),"OK","次案件確認") -> 次案件確認
A8: 大工E | B8: ='③ 経営・受注先行型'!E17+1 -> 46276 | C8: ='③ 経営・受注先行型'!B19 -> O様邸 | D8: ='③ 経営・受注先行型'!D19 -> 46300 | E8: =MAX(0,MIN(D8,DATE(2026,10,31))-MAX(B8,DATE(2026,10,1))+1) -> 5 | F8: =IF(D8>DATE(2026,10,10),"OK","次案件確認") -> 次案件確認
A11: 経営判断のポイント：黄色の「次案件確認」が出た職人は、営業・見積・受注予定を前倒しで確認。
